,Unnamed: 0,name,coin,supply,mcap,price,set,new-mcap,var,prop-newmcap,prop-mcap,potential
12,12,Polygon,MATIC,8482124683,6860373921,0.8088037,1.0,8482124683.0,123.64,0.8252319360861177,0.6674506523640475,1.2363939482472694
29,29,Algorand,ALGO,6898656731,1982289266,0.2873442,1.0,6898656731.0,348.01,0.6711752141449461,0.19285833090174925,3.480146806512886
36,36,Decentraland,MANA,1852413497,1437298968,0.7759061,1.0,1852413497.0,128.88,0.18022262507236547,0.13983583764978463,1.2888157471632198
37,37,The Sandbox,SAND,1473270110,1418585458,0.9628821,1.0,1473270110.0,103.85,0.14333549560876072,0.1380151869678608,1.0385487485954927
38,38,Chiliz,CHZ,6000386953,1335164667,0.2225131,1.0,6000386953.0,449.41,0.583781909315052,0.12989911894958012,4.494117424996551
49,49,Pax Dollar,USDP,945642940,944148877,0.9984201,1.0,945642940.0,100.16,0.09200227341463244,0.09185691496398435,1.0015824000338134
54,54,IOTA,MIOTA,2779530283,780010027,0.2806266,1.0,2779530283.0,356.35,0.2704224758034112,0.07588772964371608,3.5634540702841426
58,58,Klaytn,KLAY,3012634799,719403411,0.2387954,1.0,3012634799.0,418.77,0.2931013797618308,0.0699912689183099,4.187685357423133
59,59,The Graph,GRT,6900000000,716198928,0.1037969,1.0,6900000000.0,963.42,0.6713059017402104,0.06967950249078436,9.63419909457797
61,61,Fantom,FTM,2545006273,702518248,0.2760379,1.0,2545006273.0,362.27,0.24760546826532712,0.06834849941486852,3.6226909420771567
62,62,Neutrino USD,USDN,685526865,672508799,0.9810101,1.0,685526865.0,101.94,0.06669539569216877,0.06542885880303202,1.0193574969309693
70,70,Nexo,NEXO,560000011,521178482,0.9306758,1.0,560000011.0,107.45,0.05448279889259171,0.05070582475747885,1.0744880225745634
71,71,Basic Attention Token,BAT,1498344316,509157954,0.3398137,1.0,1498344316.0,294.28,0.14577498292314475,0.04953633904901023,2.9427889458253156
74,74,Stacks,STX,1330942822,485505343,0.364783,1.0,1330942822.0,274.14,0.12948837265034355,0.04723515972207321,2.7413558197613375
76,76,Loopring,LRC,1330119710,476225596,0.3580321,1.0,1330119710.0,279.3,0.12940829149912714,0.04633232654413756,2.79304565149326
77,77,Enjin Coin,ENJ,896399956,459894378,0.513046,1.0,896399956.0,194.91,0.08721138851919782,0.04474345074326713,1.9491429618396792
78,78,Mina,MINA,650518250,427281534,0.6568325,1.0,650518250.0,152.25,0.06328938266879908,0.04157052398243629,1.5224581609466643
79,79,Fei USD,FEI,424996178,419835892,0.987858,1.0,424996178.0,101.23,0.04134818007368594,0.04084613218289357,1.0122912402389816
81,81,STEPN,GMT,600000000,415748657,0.6929144,1.0,600000000.0,144.32,0.05837442623827917,0.04044848218618355,1.4431797058915212
83,83,Trust Wallet Token,TWT,416649900,407816587,0.9787992,1.0,416649900.0,102.17,0.04053616475789399,0.03967676546096377,1.0216600095300445
88,88,1inch Network,1INCH,581011047,382849816,0.6589372,1.0,581011047.0,151.76,0.05652697751121142,0.03724773057405126,1.5175953034674625
90,90,Celo,CELO,456611349,374454009,0.8200716,1.0,456611349.0,121.94,0.04442404251960275,0.036430896546664045,1.2194057201834572
103,103,Gemini Dollar,GUSD,317897107,313882438,0.9873712,1.0,317897107.0,101.28,0.030928435373223068,0.030537845374203725,1.0127903264749873
108,108,BORA,BORA,927500000,269285590,0.2903349,1.0,927500000.0,344.43,0.09023713389333989,0.02619898635081081,3.4442982913869464
114,114,0x,ZRX,847496055,250906376,0.2960561,1.0,847496055.0,337.77,0.08245349324971682,0.0244108595642099,3.377738205698177
117,117,Flux,FLUX,258221026,246539084,0.9547599,1.0,258221026.0,104.74,0.025122507059016277,0.023985962623018185,1.0473837453793358
119,119,ICON,ICX,919483096,246077033,0.2676254,1.0,919483096.0,373.66,0.08945716360799427,0.023941009352988485,3.7365661106905397
123,123,Golem,GLM,1000000000,241379099,0.2413791,1.0,1000000000.0,414.29,0.09729071039713195,0.023483944016729645,4.142860753064371
124,124,Audius,AUDIO,818441374,236156750,0.2885445,1.0,818441374.0,346.57,0.07962674269486476,0.02297585797257789,3.4656699399919253
125,125,Hive,HIVE,434628723,232202178,0.5342541,1.0,434628723.0,187.18,0.04228533721966828,0.022591114853381285,1.8717685086553386
126,126,Storj,STORJ,409514778,223507680,0.5457866,1.0,409514778.0,183.22,0.039841983669743786,0.02174522096641484,1.8322179401253162
127,127,Celsius,CEL,238863520,222915617,0.9332342,1.0,238863520.0,107.15,0.023239201548759535,0.021687618736544984,1.0715423845375576
128,128,Ontology,ONT,875249524,211319239,0.2414389,1.0,875249524.0,414.18,0.08515364796471159,0.02055939888289131,4.14183464222211
130,130,Serum,SRM,263244669,203975877,0.7748528,1.0,263244669.0,129.06,0.02561126085526786,0.01984495797720801,1.2905677052467255
133,133,Moonbeam,GLMR,361035888,197859232,0.548032,1.0,361035888.0,182.47,0.035125438022379364,0.019249865239910943,1.82471096578302
136,136,ABBC Coin,ABBC,1009272150,187989948,0.1862629,1.0,1009272150.0,536.88,0.09819280445754071,0.018289675588439896,5.368755667392701
137,137,Immutable X,IMX,235284001,187213376,0.7956911,1.0,235284001.0,125.68,0.022890947602369507,0.018214122346885374,1.2567691155525054
141,141,SXP,SXP,495541322,180816019,0.3648859,1.0,495541322.0,274.06,0.04821156724851391,0.01759171893969131,2.7405827410705648
143,143,Polymath,POLY,924998413,174168860,0.188291,1.0,924998413.0,531.09,0.08999375271698966,0.016945012118458617,5.31092829715706
144,144,WOO Network,WOO,1145936933,173366827,0.1512883,1.0,1145936933.0,660.99,0.1114890182818806,0.016866981758126676,6.609896469191604
145,145,SwissBorg,CHSB,1000000000,170776075,0.1707761,1.0,1000000000.0,585.56,0.09729071039713195,0.01661492565558389,5.855620312209965
152,152,Voyager Token,VGX,278482214,150686041,0.5410975,1.0,278482214.0,184.81,0.027093732433026128,0.014660351975821353,1.8480957683227144
153,153,PlayDapp,PLA,423447002,146019629,0.3448357,1.0,423447002.0,289.99,0.04119745964011575,0.014206353437335652,2.8999317646055784
154,154,Civic,CVC,1000000000,142716240,0.1427162,1.0,1000000000.0,700.69,0.09729071039713195,0.013884964374807579,7.006913020385913
155,155,CEEK VR,CEEK,803717779,141382092,0.1759101,1.0,803717779.0,568.47,0.0781942736777151,0.013755164168112666,5.684721911931151
158,158,Ellipsis,EPS,723701572,134908234,0.1864142,1.0,723701572.0,536.44,0.07040944005540113,0.01312531792428251,5.364398205716088
159,159,Keep Network,KEEP,855798667,134700537,0.1573975,1.0,855798667.0,635.33,0.08326126026934856,0.013105110935605156,6.353341063231627
160,160,Pundi X (New),PUNDIX,258491637,134476319,0.5202347,1.0,258491637.0,192.22,0.025148834995447556,0.013083296607101332,1.9222093412838472
164,164,Render Token,RNDR,253798860,130399048,0.5137889,1.0,253798860.0,194.63,0.024692271387382236,0.012686616015029708,1.946324648119101
168,168,Ren,REN,999037500,119316626,0.1194316,1.0,999037500.0,837.3,0.09719706808837471,0.011608399305728904,8.372993412128784
170,170,Nano,XNO,133248297,118138894,0.8866072,1.0,133248297.0,112.79,0.012963821474338026,0.01149381692279147,1.127895194173925
174,174,Ontology Gas,ONG,316887697,112626968,0.355416,1.0,316887697.0,281.36,0.0308302291572411,0.010957557726595048,2.8136043397033337
175,175,NuCypher,NU,703000000,112355376,0.1598227,1.0,703000000.0,625.69,0.06839536940918377,0.01093113434797687,6.256933464395233
177,177,Request,REQ,999830316,110205901,0.1102246,1.0,999830316.0,907.24,0.09727420172022892,0.010722010398245996,9.072384930405734
180,180,Function X,FX,408520357,105840083,0.2590815,1.0,408520357.0,385.98,0.03974523574421995,0.01029725686356141,3.8597892941024345
181,181,Ardor,ARDR,998999495,104288442,0.1043929,1.0,998999495.0,957.92,0.09719337055492608,0.010146296608390093,9.57919552000184
182,182,Ultra,UOS,303793578,104215850,0.3430482,1.0,303793578.0,291.5,0.029556293017706518,0.010139234081140945,2.9150422593676337
184,184,Tribe,TRIBE,453448622,103411506,0.2280556,1.0,453448622.0,438.49,0.044116338562980556,0.010060978881977274,4.384895613175033
185,185,Powerledger,POWR,485339140,100994622,0.2080908,1.0,485339140.0,480.56,0.04721898971413308,0.009825838520669811,4.805594480870851
186,186,MX TOKEN,MX,100000000,99994491,0.9999449,1.0,100000000.0,100.01,0.009729071039713195,0.009728535065189618,1.0000551030361773
194,194,Ocean Protocol,OCEAN,613099141,94852749,0.1547103,1.0,613099141.0,646.37,0.05964885097176137,0.009228291333330847,6.4636937553608265
196,196,Chromia,CHR,567369439,94468697,0.166503,1.0,567369439.0,600.59,0.05519977577793222,0.009190926641421408,6.005897791631382
203,203,yOUcash,YOUC,8617397990,4406245088,0.5113197,1.0,8617397990.0,195.57,0.8383927722219169,0.42868671479539316,1.955723591326522
207,207,Frax,FRAX,1448771031,1448367686,0.9997216,1.0,1448771031.0,100.03,0.14095196280877528,0.14091272108719016,1.000278477528144
209,209,BitDAO,BIT,2060868173,1142635125,0.5544436,1.0,2060868173.0,180.36,0.20050332858600944,0.11116778303596567,1.8036099614099612
213,213,DeFiChain,DFI,510738161,458633532,0.8979817,1.0,510738161.0,111.36,0.04969007851061475,0.04462078214022575,1.113608439904733
215,215,GensoKishi Metaverse,MV,1709312901,329409201,0.1927144,1.0,1709312901.0,518.9,0.16630026642927248,0.03204845517664163,5.189025833046207
231,231,HUSD,HUSD,160663906,160423503,0.9985037,1.0,160663906.0,100.15,0.01563110554991803,0.015607716571266429,1.0014985422687968
237,237,Humanscape,HUM,831409623,132531710,0.159406,1.0,831409623.0,627.33,0.08088843285268166,0.012894104216046677,6.2732895875939425
240,240,STASIS EURO,EURS,124125940,123090426,0.9916576,1.0,124125940.0,100.84,0.012076300881311777,0.011975554988625601,1.008412581116708
242,242,MaidSafeCoin,MAID,452552412,117179441,0.2589301,1.0,452552412.0,386.2,0.04402914565541554,0.01140047105882881,3.8620461661274605
243,243,LooksRare,LOOKS,469539052,114121373,0.2430498,1.0,469539052.0,411.44,0.04568178792827588,0.011102949450666075,4.114383142878538
244,244,PlatonCoin,PLTC,114099391,113105619,0.9912903,1.0,114099391.0,100.88,0.011100810806270123,0.011004126022417345,1.0087862253872555
245,245,Centrifuge,CFG,302266191,113017088,0.3738992,1.0,302266191.0,267.45,0.02940769245142517,0.010995512778535178,2.6745176240013353
248,248,USDX [Kava],USDX,111567264,106992243,0.9589932,1.0,111567264.0,104.28,0.010854458371624366,0.01040935132845257,1.0427602614909053
250,250,Stargate Finance,STG,133272369,103295616,0.7750715,1.0,133272369.0,129.02,0.012966163456318706,0.010049703861549351,1.290203548962902
253,253,Orbit Chain,ORC,614793591,98289979,0.1598748,1.0,614793591.0,625.49,0.059813705215993794,0.00956270188182918,6.254894454910968
257,257,AVINOC,AVINOC,389244472,94747629,0.2434142,1.0,389244472.0,410.82,0.03786987119903654,0.009218064133853902,4.1082237601586105
258,258,Acala Token,ACA,487394605,92731081,0.1902587,1.0,487394605.0,525.6,0.04741896736417952,0.009021872746383986,5.256001433837191
259,259,Bancor,BNT,205394087,92471805,0.4502165,1.0,205394087.0,222.12,0.019982936635600326,0.008996647600155058,2.2211536005455152
261,261,Syscoin,SYS,658679537,91838818,0.1394287,1.0,658679537.0,717.21,0.06408340007878396,0.00893506384525291,7.172124533901558
263,263,Steem,STEEM,394951699,87583913,0.2217585,1.0,394951699.0,450.94,0.03842513136826423,0.008521101115130601,4.509410011341166
264,264,Biconomy,BICO,172200411,87010967,0.505289,1.0,172200411.0,197.91,0.016753500316868095,0.008465358791771406,1.9790654457152244
266,266,Raydium,RAY,131138551,85506499,0.6520318,1.0,131138551.0,153.37,0.012758562787240519,0.008318988031281654,1.5336675297125077
267,267,Cartesi,CTSI,606285058,85478009,0.1409865,1.0,606285058.0,709.29,0.058985903995986355,0.008316216218942438,7.09287768687073
270,270,Stratis,STRAX,140372235,83611097,0.5956384,1.0,140372235.0,167.89,0.01365691446318315,0.008134583024213509,1.6788709391469723
271,271,Biswap,BSW,273579477,83610205,0.3056158,1.0,273579477.0,327.21,0.02661674166740582,0.008134496240899835,3.272082137114639
273,273,Hxro,HXRO,428521116,83426826,0.1946854,1.0,428521116.0,513.65,0.04169112379581179,0.008116655167717918,5.136492001968303
275,275,Coin98,C98,216944444,82716285,0.3812787,1.0,216944444.0,262.28,0.021106679073470812,0.00804752612906163,2.622753382237193
276,276,OriginTrail,TRAC,365438455,82714588,0.2263434,1.0,365438455.0,441.81,0.035553766893380336,0.008047361026726086,4.4180656471538375
279,279,Pirate Chain,ARRR,193709158,80930507,0.4177939,1.0,193709158.0,239.35,0.018846101592250277,0.00787378651883006,2.3935246541416713
281,281,Persistence,XPRT,118367251,79186882,0.6689932,1.0,118367251.0,149.48,0.011516033937545628,0.0077041480039138615,1.4947835045259057
282,282,JOE,JOE,315895419,79150573,0.2505594,1.0,315895419.0,399.11,0.030733689725709654,0.0077006154755100515,3.991069582701747
283,283,Liquity,LQTY,81395776,78866310,0.9689239,1.0,81395776.0,103.21,0.007919052870365824,0.007672959326300432,1.0320727974611836
285,285,WhiteCoin,XWC,744201249,78533787,0.1055276,1.0,744201249.0,947.62,0.07240386819364289,0.007640607927407046,9.476193905670176
291,291,Euro Coin,EUROC,75739151,75702854,0.9995208,1.0,75739151.0,100.05,0.007368715805665647,0.007365184444750363,1.0004794297427326
293,293,Shentu,CTK,84985142,74949886,0.8819175,1.0,84985142.0,113.39,0.008268264838381136,0.007291927653124054,1.1338929094841637
294,294,WazirX,WRX,381856872,74456789,0.1949861,1.0,381856872.0,512.86,0.037151126346906684,0.007243953895699361,5.128570703245001
295,295,Creditcoin,CTC,207254279,74140082,0.3577252,1.0,207254279.0,279.54,0.020163916036755387,0.007213141246681616,2.7954418643137244
300,300,NKN,NKN,700000000,71545553,0.1022079,1.0,700000000.0,978.4,0.06810349727799236,0.006960717677125656,9.783979516260484
302,302,Orchid,OXT,690690084,71295406,0.1032234,1.0,690690084.0,968.77,0.06719772893661474,0.006936380697791945,9.687725845108764
306,306,aelf,ELF,501962554,70593709,0.1406354,1.0,501962554.0,711.06,0.04883629347141871,0.006868112098178408,7.110585243829079
309,309,Rakon,RKN,242857143,67555798,0.2781709,1.0,242857143.0,359.49,0.02362774396748786,0.006572551578865146,3.594912336265224
312,312,Origin Protocol,OGN,388570733,66481244,0.1710917,1.0,388570733.0,584.48,0.03780432265310428,0.0064680074568450666,5.8448188895194795
319,319,Aleph.im,ALEPH,245676229,63972226,0.2603924,1.0,245676229.0,384.04,0.02390201484709847,0.006223903313225875,3.8403578599068173
323,323,Dawn Protocol,DAWN,74464266,63235304,0.8492033,1.0,74464266.0,117.76,0.007244681338341,0.0061522076483386005,1.1775743217201347
324,324,Perpetual Protocol,PERP,90775000,62954291,0.6935201,1.0,90775000.0,144.19,0.008831564236299654,0.00612486769393777,1.4419192753029078
328,328,Boba Network,BOBA,171624232,61553514,0.3586528,1.0,171624232.0,278.82,0.016697443452642187,0.0059885851044998075,2.7882118862587997
331,331,Sologenic,SOLO,399947699,60644688,0.1516315,1.0,399947699.0,659.49,0.0389111957574083,0.0059001647773324235,6.594935748838467
335,335,HedgeTrade,HEDG,348731468,59870836,0.1716818,1.0,348731468.0,582.47,0.03392833225955469,0.005824876166510182,5.824729237461397
336,336,Yield Guild Games,YGG,116331159,59663309,0.5128747,1.0,116331159.0,194.98,0.011317941100431711,0.005804685717253596,1.9497939750196296
338,338,Ark,ARK,139286329,59329952,0.4259567,1.0,139286329.0,234.77,0.013551265897018643,0.0057722531779077395,2.3476564636734203
343,343,Utrust,UTK,490000000,58133614,0.11864,1.0,490000000.0,842.89,0.04767244809459466,0.005655860604012655,8.428860418071476
345,345,Propy,PRO,82050200,57383266,0.6993678,1.0,82050200.0,142.99,0.007982722246226757,0.005582858714047589,1.4298627989449901
347,347,XSGD,XSGD,81392948,57227626,0.703103,1.0,81392948.0,142.23,0.00791877773223682,0.005567716387881378,1.4222667233677
348,348,GlitzKoin,GTN,247499428,57125748,0.2308116,1.0,247499428.0,433.25,0.024079395173003813,0.00555780460488754,4.3325378793786795
350,350,Beta Finance,BETA,483166667,56608102,0.1171606,1.0,483166667.0,853.53,0.04700762827264449,0.005507442457813306,8.535292581294394
356,356,Vai,VAI,57498554,54291526,0.9442242,1.0,57498554.0,105.91,0.005594075165467853,0.00528206113308436,1.0590705046534499
357,357,Alpha Venture DAO,ALPHA,446330126,54001597,0.1209903,1.0,446330126.0,826.51,0.04342377503018141,0.005253853734709629,8.26512538608467
359,359,SuperFarm,SUPER,403829654,53307924,0.132006,1.0,403829654.0,757.54,0.039288873917088,0.005186365795756319,7.5754132387921755
361,361,Telos,TLOS,270123444,52313917,0.1936667,1.0,270123444.0,516.35,0.026280501761679894,0.005089658148586597,5.1635102988794666
362,362,Celo Dollar,CUSD,52147150,51754517,0.9924707,1.0,52147150.0,100.76,0.0050734332686858,0.0050352337251904425,1.0075864204353842
363,363,GXChain,GXC,75000000,51563325,0.687511,1.0,75000000.0,145.45,0.007296803279784896,0.005016632519688194,1.4545221821905396
365,365,Dusk Network,DUSK,410078542,51220822,0.1249049,1.0,410078542.0,800.61,0.03989683266980011,0.004983310159505045,8.006091034058711
368,368,Mines of Dalarnia,DAR,208484058,50884855,0.2440707,1.0,208484058.0,409.72,0.02028356210929686,0.0049506236914050525,4.097173482929332
370,370,Ampleforth,AMPL,56999383,50538257,0.8866457,1.0,56999383.0,112.78,0.005545510464268206,0.0049169029257628265,1.1278462186192297
372,372,H2O DAO,H2O,86228944,50341239,0.5838091,1.0,86228944.0,171.29,0.00838927521855451,0.004897734904581805,1.7128886822764497
375,375,Aergo,AERGO,408500000,49568593,0.1213429,1.0,408500000.0,824.11,0.039743255197228405,0.004822563626356302,8.24110846205258
377,377,MOBOX,MBOX,79853076,48978158,0.6133534,1.0,79853076.0,163.04,0.007768962491436168,0.004765119785762972,1.6303814407811221
378,378,BakeryToken,BAKE,193529285,48849785,0.2524155,1.0,193529285.0,396.17,0.018828601620299014,0.00475263028539716,3.9617218435476422
380,380,Polkastarter,POLS,99221432,48811544,0.4919456,1.0,99221432.0,203.27,0.009653323605900722,0.0047489097913408634,2.032745084009289
381,381,Origin Dollar,OUSD,48542991,48338250,0.9957823,1.0,48542991.0,100.42,0.004722782079191582,0.004702862681854164,1.0042355643397156
384,384,ONUS,ONUS,97106390,47797538,0.4922183,1.0,97106390.0,203.16,0.00944754966720095,0.0046502564272539095,2.031618897550132
386,386,World Mobile Token,WMT,243955714,47523535,0.1948039,1.0,243955714.0,513.34,0.02373462472049955,0.004623598480732964,5.133367453115672
394,394,Super Zero Protocol,SERO,366040927,46201843,0.1262204,1.0,366040927.0,792.26,0.03561238182225472,0.004495010127126759,7.922649587546862
395,395,TomoChain,TOMO,92463625,46014134,0.4976458,1.0,92463625.0,200.95,0.00899585176214401,0.004476747785168823,2.0094613478100287
397,397,HUNT,HUNT,110357399,45222465,0.4097819,1.0,110357399.0,244.03,0.010736749746289739,0.004399725745759436,2.440322522785902
403,403,Cocos-BCX,COCOS,66860636,43872706,0.6561814,1.0,66860636.0,152.4,0.006504918774044055,0.004268406733784513,1.523968829351152
405,405,Travala.com,AVA,51598537,43497951,0.8430074,1.0,51598537.0,118.62,0.005020058320182698,0.004231946553609636,1.1862292074778942
406,406,AXEL,AXEL,283102718,43494474,0.153635,1.0,283102718.0,650.89,0.027543264549578915,0.004231608273809586,6.508933511244183
414,414,mStable USD,MUSD,41085970,40677955,0.9900692,1.0,41085970.0,101.0,0.003997283208655252,0.003957587139452565,1.0100304099955841
416,416,Ribbon Finance,RBN,162123922,40491879,0.2497588,1.0,162123922.0,400.39,0.01577315154374921,0.003939483673224709,4.003862926951923
418,418,SafePal,SFP,108166667,40326348,0.3728168,1.0,108166667.0,268.23,0.01052361187372001,0.003923379044641961,2.6822825580821466
423,423,Hyperion,HYN,203783085,39321822,0.1929592,1.0,203783085.0,518.24,0.019826201106569123,0.0038256479964895716,5.182442713278247
425,425,Alpaca Finance,ALPACA,141603872,38526091,0.2720695,1.0,141603872.0,367.55,0.013776741301864542,0.0037482307622145514,3.675531435901488
426,426,Flamingo,FLM,312284062,38397062,0.1229556,1.0,312284062.0,813.3,0.030382338237681997,0.00373567743914272,8.133017121627645
427,427,Komodo,KMD,133299745,38324432,0.2875057,1.0,133299745.0,347.82,0.012968826886806537,0.003728611214846577,3.478191910629946
430,430,Bluzelle,BLZ,336849974,37823651,0.1122863,1.0,336849974.0,890.58,0.03277237326771543,0.0036798898756031906,8.905805962080859
432,432,XeniosCoin,XNC,76274958,37704147,0.4943188,1.0,76274958.0,202.3,0.007420844849331402,0.003668263246547891,2.022985975852021
434,434,RSS3,RSS3,319388557,37634379,0.1178326,1.0,319388557.0,848.66,0.03107353960324487,0.0036614754682649047,8.486615758287606
435,435,Wanchain,WAN,192701891,37562695,0.1949264,1.0,192701891.0,513.01,0.01874810387026069,0.0036545012809807965,5.13014142773888
439,439,Akash Network,AKT,113861304,36639719,0.3217925,1.0,113861304.0,310.76,0.011077647152903802,0.0035647042902612934,3.1075926256826993
447,447,BitMart Token,BMX,173717945,35626128,0.2050803,1.0,173717945.0,487.61,0.016901142277779897,0.003466091301819154,4.876138761255957
452,452,CargoX,CXO,207558157,34420482,0.1658354,1.0,207558157.0,603.01,0.020193480543249445,0.0033487931459916936,6.030075605087937
456,456,Alitas,ALT,60000000,33551437,0.5591906,1.0,60000000.0,178.83,0.005837442623827917,0.003264243140574618,1.788299016471307
457,457,KILT Protocol,KILT,49420140,33547155,0.6788155,1.0,49420140.0,147.32,0.004808120528525717,0.0032638265417526974,1.473154340170488
461,461,Celo Euro,CEUR,33884423,33293523,0.9825613,1.0,33884423.0,101.77,0.003296639585066917,0.003239150504293252,1.0177482056335825
467,467,KOK,KOK,107333422,32358447,0.301476,1.0,107333422.0,331.7,0.01044254487573515,0.0031481762959779435,3.3170136262919767
468,468,Bella Protocol,BEL,48000000,32240517,0.6716774,1.0,48000000.0,148.88,0.004669954099062334,0.0031367028025008096,1.4888099554935152
473,473,MonaCoin,MONA,65729675,31837367,0.4843682,1.0,65729675.0,206.45,0.006394886774922603,0.003097480052604206,2.0645451125817096
477,477,Qredo,QRDO,132853411,31364349,0.2360824,1.0,132853411.0,423.58,0.012925402734872143,0.0030514597953535754,4.235809192044812
478,478,Karura,KAR,67691667,31308351,0.4625141,1.0,67691667.0,216.21,0.0065857703703960935,0.0030460117101527564,2.162096247444132
483,483,DIA,DIA,82300225,30738500,0.3734923,1.0,82300225.0,267.74,0.0080070473560938,0.0029905705015422406,2.6774313687323676
485,485,Merit Circle,MC,42592000,30535369,0.7169273,1.0,42592000.0,139.48,0.0041438059372346445,0.002970807742248561,1.3948415690126459
489,489,Toko Token,TKO,108500000,30377205,0.2799742,1.0,108500000.0,357.18,0.010556042078088817,0.002955419854329309,3.5717576833865405
494,494,smARTOFGIVING,AOG,73780484,29857106,0.4046748,1.0,73780484.0,247.11,0.007178155701804228,0.002904819053142471,2.4711200203224912
497,497,RAI Finance,SOFI,197613825,29555676,0.1495628,1.0,197613825.0,668.62,0.019225989418544514,0.0028754927143074633,6.686154578544932
500,500,Hathor,HTR,235594744,28967236,0.1229537,1.0,235594744.0,813.31,0.02292118000959044,0.002818242968681375,8.133142800907985
501,501,Phala Network,PHA,272000000,28947229,0.1064236,1.0,272000000.0,939.64,0.02646307322801989,0.0028162964734384597,9.396412074013659
502,502,Phantasma,SOUL,106514230,28888424,0.2712166,1.0,106514230.0,368.71,0.010362845104103504,0.0028105752932135564,3.6870899495089904
505,505,Reserve,RSV,28850667,28773271,0.9973174,1.0,28850667.0,100.27,0.0028069018878610916,0.0027993719760391954,1.0026898156995958
507,507,Bitcoin Diamond,BCD,186492898,28720823,0.1540049,1.0,186492898.0,649.33,0.01814402653043987,0.0027942692728602863,6.493299888510041
510,510,Cobak Token,CBK,31790638,28646043,0.9010842,1.0,31790638.0,110.98,0.0030929337549980584,0.0027869938735367887,1.1097742031210847
512,512,USDK,USDK,28600072,28469736,0.9954428,1.0,28600072.0,100.46,0.0027825213222891225,0.0027698408402588017,1.0045780631493844
514,514,Tokenlon Network Token,LON,44559365,27895817,0.6260371,1.0,44559365.0,159.73,0.004335212275695098,0.0027140038530383903,1.597349422262674
515,515,MiL.k,MLK,78160812,27877430,0.3566676,1.0,78160812.0,280.37,0.007604320924696676,0.002712214968746318,2.8037309808908915
516,516,Hoo Token,HOO,82430424,27780499,0.3370175,1.0,82430424.0,296.72,0.008019714509296796,0.002702784482896814,2.967204967101115
517,517,Kava Lend,HARD,134791668,27742854,0.2058202,1.0,134791668.0,485.86,0.013113977135334359,0.002699121974103914,4.858609601972984
518,518,Automata Network,ATA,172252000,27688917,0.1607466,1.0,172252000.0,622.1,0.016758519447326772,0.0026938744050572236,6.220971392240956
522,522,Boson Protocol,BOSON,90257688,26867080,0.2976708,1.0,90257688.0,335.94,0.008781234584322692,0.002613917299496576,3.3594158378987795
524,524,Litentry,LIT,37132164,26733433,0.7199535,1.0,37132164.0,138.9,0.0036126146141428088,0.0026009146879241306,1.3889785937564023
525,525,GMT Token,GMT,263581074,26519865,0.1006137,1.0,263581074.0,993.9,0.02564398993669901,0.0025801365054860356,9.939004330424186
526,526,Unibright,UBT,149999999,26498027,0.1766535,1.0,149999999.0,566.08,0.014593606462279083,0.0025780118709523834,5.66079924824586
534,534,Groestlcoin,GRS,80764469,25815377,0.3196378,1.0,80764469.0,312.85,0.007857632563857141,0.002511596367499781,3.1285411174773445
535,535,Ambire AdEx,ADX,142557524,25711082,0.1803558,1.0,142557524.0,554.46,0.01386952278241619,0.002501449432858912,5.544595737980147
537,537,Waltonchain,WTC,80746868,25649743,0.3176562,1.0,80746868.0,314.81,0.007855920150063441,0.0024954817179738626,3.1480575540474263
543,543,Gods Unchained,GODS,77356229,25280510,0.3268064,1.0,77356229.0,305.99,0.007526042473053221,0.0024595587771017984,3.0599155952882198
548,548,Cortex,CTXC,199936563,24820749,0.1241431,1.0,199936563.0,805.52,0.019451970248630927,0.0024148283027989026,8.055220145138955
553,553,Adventure Gold,AGLD,70170001,24595918,0.350519,1.0,70170001.0,285.29,0.006826889245857459,0.002392954335089605,2.8529123956190676
563,563,Newscrypto,NWC,150400834,23827338,0.1584256,1.0,150400834.0,631.21,0.014632603984181118,0.0023181786408925775,6.312111173951685
566,566,Venus XVS,vXVS,224433925,23637251,0.1053194,1.0,224433925.0,949.49,0.021835336000466634,0.002299684941625318,9.494926860578394
567,567,Elitium,EUM,27915379,23471835,0.8408209,1.0,27915379.0,118.93,0.002715907053915179,0.0022835915014742655,1.1893139192900652
571,571,Wilder World,WILD,94845467,22967373,0.2421557,1.0,94845467.0,412.96,0.009227582862377737,0.0022345120351259075,4.129574484515541
573,573,Misbloc,MSB,199015037,22926691,0.1152008,1.0,199015037.0,868.05,0.0193623143294415,0.002230554054445532,8.680495274338373
576,576,Efinity Token,EFI,169857481,22476793,0.1323274,1.0,169857481.0,755.7,0.016525554992757343,0.0021867831584192828,7.557013891302934
577,577,1irstcoin,FST,48681740,22425563,0.4606566,1.0,48681740.0,217.08,0.004736281067968475,0.0021817989553256376,2.1708144418206534
578,578,Tranchess,CHESS,82546919,22415275,0.2715459,1.0,82546919.0,368.26,0.008031048390604508,0.002180798028497072,3.682618665941927
583,583,Frontier,FRONT,97456250,22079214,0.2265551,1.0,97456250.0,441.39,0.009481587795140491,0.0021481024150703013,4.4139372717718555
585,585,Swarm,BZZ,47740494,21988984,0.460594,1.0,47740494.0,217.11,0.004644706575970016,0.0021393238742711683,2.171109480366657
588,588,Beam,BEAM,121576760,21620057,0.1778305,1.0,121576760.0,562.33,0.011828289348181616,0.0021034307043564853,5.623332330505734
590,590,TrustSwap,SWAP,99995164,21446334,0.2144737,1.0,99995164.0,466.26,0.009728600541837714,0.0020865290702741643,4.662576343859411
594,594,Morpheus.Network,MNW,47180014,21016520,0.4454539,1.0,47180014.0,224.49,0.004590177078606632,0.0020447121608755314,2.244901211999715
596,596,NULS,NULS,99620739,20890760,0.2097029,1.0,99620739.0,476.87,0.009692172467597269,0.002032476881135988,4.768651268055902
599,599,PARSIQ,PRQ,171675032,20476783,0.1192764,1.0,171675032.0,838.39,0.016702385820730362,0.001992200764717915,8.383888179053022
604,604,Grid+,GRID,39236491,20214435,0.5151948,1.0,39236491.0,194.1,0.0038173460828806742,0.001966676741426648,1.9410133797934297
605,605,DerivaDAO,DDX,26094664,20114357,0.7708226,1.0,26094664.0,129.73,0.002538768398134465,0.0019569400817115237,1.2973153615371422
606,606,SuperRare,RARE,101756228,20109752,0.1976267,1.0,101756228.0,506.0,0.00989993570945253,0.001956492057990145,5.060045024280626
607,607,VerusCoin,VRSC,70072489,19993629,0.2853278,1.0,70072489.0,350.47,0.0068174022341052146,0.001945194368826699,3.504740862965333
608,608,StaFi,FIS,60452000,19983061,0.3305608,1.0,60452000.0,302.52,0.005881418024927421,0.001944166200599222,3.0251620881846852
610,610,Bonfida,FIDA,44729964,19935939,0.4456954,1.0,44729964.0,224.37,0.004351809973598138,0.0019395816677438885,2.2436848125423774
614,614,DeRace,DERC,65820000,19381122,0.2944564,1.0,65820000.0,339.61,0.0064036745583392245,0.0018856031276734827,3.396088521084955
615,615,PIVX,PIVX,69967410,19380733,0.2769966,1.0,69967410.0,361.02,0.006807179023547395,0.0018855652815871382,3.6101526155916717
618,618,Drep [new],DREP,39900000,19098156,0.4786505,1.0,39900000.0,208.92,0.0038818993448455647,0.0018580731645152482,2.089207051909483
621,621,Voxies,VOXEL,64021081,18834613,0.2941939,1.0,64021081.0,339.91,0.006228656450882326,0.0018324328788250565,3.3991187444743076
636,636,Energi,NRG,55763190,17420901,0.3124086,1.0,55763190.0,320.09,0.0054252403691102445,0.0016948918340481064,3.200936209822649
640,640,SONM (BEP-20),SNM,44400000,16927820,0.3812572,1.0,44400000.0,262.29,0.004319707541632659,0.0016469196332747783,2.622901285536378
645,645,AirSwap,AST,150000000,16722271,0.1114818,1.0,150000000.0,897.01,0.014593606559569792,0.0016269216250433581,8.970074038991118
650,650,Fusion,FSN,72480988,16400139,0.2262681,1.0,72480988.0,441.95,0.007051726812805996,0.0015955811739217093,4.41953593988724
651,651,Krypton DAO,KRD,52845638,16374909,0.309863,1.0,52845638.0,322.72,0.005141389662409672,0.0015931265292983897,3.2272326802490134
654,654,Vectorspace AI,VXV,43865003,16198084,0.3692712,1.0,43865003.0,270.8,0.0042676573034423244,0.0015759230994324166,2.7080368033033713
661,661,Kryll,KRL,38446598,15652940,0.4071346,1.0,38446598.0,245.62,0.0037404968317729524,0.0015228856524036826,2.456190164137364
662,662,Solend,SLND,22538155,15505682,0.6879748,1.0,22538155.0,145.35,0.0021927531109906715,0.0015085588169720218,1.4535416122799847
671,671,Haven Protocol,XHV,28504575,14945772,0.5243289,1.0,28504575.0,190.72,0.0027732303513183275,0.0014540847753135636,1.9071998510858357
673,673,USDJ,USDJ,14848772,14838330,0.9992968,1.0,14848772.0,100.07,0.0014446475764050418,0.001443631666807075,1.0007036948382102
674,674,MATH,MATH,114356164,14694741,0.1284998,1.0,114356164.0,778.21,0.011125792433850926,0.0014296617909918612,7.782113279553743
678,678,SingularityDAO,SDAO,38560574,14344527,0.3719998,1.0,38560574.0,268.82,0.003751585637781176,0.00139558922214084,2.6881734882653165
679,679,Neblio,NEBL,19416075,14307438,0.7368862,1.0,19416075.0,135.71,0.0018890037298739937,0.001391980806982921,1.3570616466965997
680,680,DODO,DODO,110551965,14135234,0.1278605,1.0,110551965.0,782.1,0.010755679210648867,0.001375226957489693,7.821023693791281
681,681,pNetwork,PNT,58028876,13990401,0.2410938,1.0,58028876.0,414.78,0.005645670569587081,0.0013611360520307452,4.147763235719873
684,684,VIDT Datalink,VIDT,49428303,13644766,0.2760517,1.0,49428303.0,362.25,0.004808914712594688,0.0013275089773426326,3.6225098414536117
690,690,Arcblock,ABT,98554305,13311103,0.1350636,1.0,98554305.0,740.39,0.009588418346145614,0.0012950466670393942,7.403919338741155
692,692,League of Kingdoms Arena,LOKA,25100000,13054013,0.5200802,1.0,25100000.0,192.28,0.002441996830968012,0.0012700341983033956,1.922780371181214
693,693,Lattice Token,LTX,28653896,12966048,0.4525056,1.0,28653896.0,220.99,0.002787757897485538,0.001261476020963312,2.209917402127178
695,695,PowerPool,CVP,39850430,12816291,0.3216099,1.0,39850430.0,310.94,0.003877076644331179,0.0012469060560463686,3.1093570191713624
697,697,Kava Swap,SWP,33854166,12742519,0.3763944,1.0,33854166.0,265.68,0.003293695860042431,0.0012397287257589515,2.6567876674041906
699,699,Green Satoshi Token (ETH),GST,30494036,12655238,0.415007,1.0,30494036.0,240.96,0.002966786425315716,0.0012312370952647794,2.409597910396692
702,702,Mirror Protocol,MIR,77742680,12613929,0.1622523,1.0,77742680.0,616.32,0.0075636405653769015,0.0012272181133089841,6.163240829251728
704,704,Oxen,OXEN,59659068,12559523,0.2105216,1.0,59659068.0,475.01,0.005804273107350802,0.001221924914919118,4.750106402383413
706,706,DEXTools,DEXT,98482116,12484938,0.1267737,1.0,98482116.0,788.81,0.009581395027052755,0.0012146684872841478,7.888071421753882
719,719,BSCPAD,BSCPAD,79211621,11768273,0.1485675,1.0,79211621.0,673.09,0.007706554878798376,0.0011449436403173873,6.730947212546486
725,725,Meta Apes,PEEL,69281617,11502055,0.1660189,1.0,69281617.0,602.34,0.006740457735392013,0.0011190431019768837,6.023410587589726
727,727,SENSO,SENSO,70269127,11448962,0.1629302,1.0,70269127.0,613.76,0.006836533284816285,0.0011138776462897688,6.137597572457408
734,734,Quantum Resistant Ledger,QRL,76526709,11297166,0.1476238,1.0,76526709.0,677.4,0.007445337882964592,0.0010991093056143255,6.773975470080027
735,735,Crypterium,CRPT,81109191,11063834,0.1364067,1.0,81109191.0,733.1,0.00789117081212666,0.0010764082695759421,7.331018197786473
736,736,Sovryn,SOV,22404898,11059757,0.4936312,1.0,22404898.0,202.58,0.0021797884427952807,0.0010760116153496527,2.0258038794954616
743,743,ApeSwap,BANANA,105843378,10724281,0.1013222,1.0,105843378.0,986.95,0.010297577436452168,0.0010433729169884646,9.869505399606403
747,747,Bloomzed Loyalty Club Ticket,BLCT,38000000,10405129,0.2738192,1.0,38000000.0,365.2,0.003697046995091014,0.0010123223921837993,3.652044852954066
751,751,Lossless,LSS,55572672,10294004,0.185235,1.0,55572672.0,539.85,0.005406704737546804,0.0010015109619909179,5.398547790644316
752,752,King DAG,KDAG,54451545,10274050,0.1886824,1.0,54451545.0,529.99,0.005297629495271398,0.0009995696231556534,5.299911385481635
757,757,Peercoin,PPC,27724137,10071349,0.3632701,1.0,27724137.0,275.28,0.0026973009838774107,0.0009798486988674446,2.752772661443923
759,759,Solanium,SLIM,100000000,10061787,0.1006179,1.0,100000000.0,993.86,0.009729071039713195,0.0009789184050946272,9.938589455752902
760,760,ScPrime,SCP,43975152,10058091,0.2287221,1.0,43975152.0,437.21,0.004278373777901859,0.0009785588186289993,4.37211795449587
763,763,Position Exchange,POSI,78310927,9917218,0.126639,1.0,78310927.0,789.65,0.007618925719687942,0.0009648531843832241,7.89646159555903
768,768,Particl,PART,12395494,9772642,0.7884028,1.0,12395494.0,126.84,0.0012059664169833868,0.0009507872826368483,1.2683871746777156
770,770,Vertcoin,VTC,64877847,9632729,0.1484749,1.0,64877847.0,673.51,0.0063120118236664365,0.0009371750474730544,6.735145132274883
774,774,Pintu Token,PTU,23362132,9510554,0.4070927,1.0,23362132.0,245.64,0.002272918418671569,0.0009252885549302848,2.456442967412582
781,781,ChainX,PCX,12505375,9334733,0.7464577,1.0,12505375.0,133.97,0.0012166568175325338,0.0009081828049375507,1.3396606398460356
785,785,BTU Protocol,BTU,90514216,9294717,0.1026879,1.0,90514216.0,973.82,0.008806192375679447,0.0009042896198702991,9.73824569399121
786,786,BUX Token,BUX,57904773,9264811,0.1600008,1.0,57904773.0,625.0,0.005633596500554666,0.0009013800438851626,6.249968750156249
787,787,Cellframe,CELL,28644928,9243539,0.3226937,1.0,28644928.0,309.89,0.0027868853943946964,0.0008993104758935947,3.0989139236371828
791,791,Epic Cash,EPIC,14835596,8952236,0.6034295,1.0,14835596.0,165.72,0.0014433656740048492,0.000870969400082779,1.6571944195635118
793,793,Shiden Network,SDN,30941332,8939424,0.2889153,1.0,30941332.0,346.12,0.0030103041709135113,0.0008697229115011708,3.4612220259709336
794,794,Bitcoin 2,BTC2,17954211,8877108,0.4944304,1.0,17954211.0,202.25,0.0017467779428100008,0.0008636601435920633,2.022529359036176
798,798,GuildFi,GF,42185072,8646100,0.2049564,1.0,42185072.0,487.91,0.00410421562303416,0.0008411852111646426,4.879086478880386
801,801,Star Atlas DAO,POLIS,21600000,8625027,0.3993068,1.0,21600000.0,250.43,0.0021014793445780504,0.0008391350040244438,2.504340021256838
827,827,Arianee,ARIA20,26753505,7788023,0.2911029,1.0,26753505.0,343.52,0.0026028675070632217,0.0007577022902592028,3.435211397756601
833,833,Zynecoin,ZYN,32713186,7522893,0.2299652,1.0,32713186.0,434.85,0.0031826891052935116,0.0007319076042116113,4.348484031496939
839,839,ProBit Token,PROB,42000000,7327709,0.1744693,1.0,42000000.0,573.17,0.004086209836679542,0.0007129180141934574,5.731667405096484
840,840,XDEFI Wallet,XDEFI,55554791,7284301,0.1311192,1.0,55554791.0,762.66,0.005404965082354192,0.0007086948190365386,7.6266481186584425
844,844,Crust Network,CRU,9245318,7221323,0.7810789,1.0,9245318.0,128.03,0.0008994835560673911,0.0007025676446771481,1.280280391648014
845,845,mStable Governance Token: Meta (MTA),MTA,52997925,7153363,0.1349744,1.0,52997925.0,740.88,0.005156205772823919,0.000695955767998559,7.40881233774701
848,848,Era Token (Era7),ERA,46021643,7075627,0.1537456,1.0,46021643.0,650.42,0.004477478341113195,0.0006883927773351276,6.504251178570313
849,849,Monero Classic,XMC,19176436,6999640,0.3650126,1.0,19176436.0,273.96,0.0018656890813251357,0.0006809999481241807,2.739631453818306
850,850,Valor Token,VALOR,20036000,6998224,0.3492825,1.0,20036000.0,286.3,0.0019493166735169358,0.0006808621844782584,2.8630120318080636
852,852,0Chain,ZCN,48400982,6983143,0.1442769,1.0,48400982.0,693.11,0.0047089659226987966,0.0006793949432747592,6.931116485036759
856,856,GPEX,GPX,7785806,6917474,0.8884724,1.0,7785806.0,112.55,0.0007574865967542524,0.00067300595961369,1.1255273658472678
861,861,Guild of Guardians,GOG,48235476,6871117,0.1424494,1.0,48235476.0,702.0,0.004692863726383809,0.0006684958541518101,7.020036588430699
862,862,AAX Token,AAB,7500005,6828545,0.9104721,1.0,7500005.0,109.83,0.0007296808144320417,0.0006643539940287835,1.0983312942812855
863,863,Gameswap,GSWAP,11202090,6783899,0.6055923,1.0,11202090.0,165.13,0.0010898592940326078,0.000660010352972393,1.651275949182313
864,864,MAPS,MAPS,45464271,6777384,0.1490706,1.0,45464271.0,670.82,0.004423251223277724,0.0006593765039941558,6.708230865106869
866,866,Agoras: Currency of Tau,AGRS,18000000,6632558,0.3684754,1.0,18000000.0,271.39,0.0017512327871483753,0.0006452862795701807,2.7138853774227534
867,867,DeFine,DFA,56181518,6629123,0.1179947,1.0,56181518.0,847.5,0.005465939797409255,0.0006449520859799665,8.474956926031425
871,871,AntiMatter Governance Token,MATTER,31301449,6553730,0.2093747,1.0,31301449.0,477.61,0.0030453402096695956,0.0006376170474509955,4.776126246389846
873,873,Phoenix Global (new),PHB,37136775,6517386,0.1754968,1.0,37136775.0,569.81,0.00361306322160845,0.0006340811138723222,5.698109595160709
875,875,ChainGuardians,CGG,61478209,6460016,0.1050781,1.0,61478209.0,951.67,0.005981258627553352,0.0006284995458168388,9.516730888738948
878,878,GMCoin,GMCOIN,41183481,6424810,0.1560045,1.0,41183481.0,641.01,0.004006770123116786,0.0006250743290665973,6.4100715043476315
879,879,PearDAO,PEX,52300308,6404288,0.1224522,1.0,52300308.0,816.65,0.005088334119308803,0.0006230777291078274,8.166451888981987
884,884,PolkaFoundry,PKF,41801078,6358550,0.1521145,1.0,41801078.0,657.4,0.004066856573985924,0.0006186278465956834,6.573995247001436
888,888,Emirex Token,EMRX,27258765,6270454,0.2300344,1.0,27258765.0,434.72,0.0026520246113984768,0.0006100569241725376,4.347175900647903
889,889,Impossible Finance Launchpad,IDIA,45000000,6235553,0.1385678,1.0,45000000.0,721.67,0.004378081967870938,0.0006066613810889673,7.216683818318542
890,890,pSTAKE Finance,PSTAKE,44347373,6223576,0.140337,1.0,44347373.0,712.57,0.004314587423416589,0.0006054961302505409,7.125704554037781
891,891,Dexlab,DXL,52526786,6211396,0.118252,1.0,52526786.0,845.65,0.005110368324818125,0.0006043111293979038,8.456516591685553
896,896,O3 Swap,O3,51462642,6069359,0.1179372,1.0,51462642.0,847.91,0.00500683699909328,0.0005904922487652264,8.479088871026274
904,904,e-Money,NGM,19760286,5881794,0.2976573,1.0,19760286.0,335.96,0.001922492262590501,0.0005722439166695884,3.3595682014182078
906,906,Forta,FORT,22595751,5816809,0.2574293,1.0,22595751.0,388.46,0.0021983566667467046,0.0005659214798544308,3.8845617029607737
918,918,Mysterium,MYST,20033628,5566063,0.277836,1.0,20033628.0,359.92,0.0019490858999518738,0.0005415262233851915,3.599245598122633
919,919,HyperCash,HC,45071909,5565817,0.1234875,1.0,45071909.0,809.8,0.004385078045564886,0.0005415022898704338,8.097985626075515
923,923,Ekta,EKTA,12957052,5479010,0.4228593,1.0,12957052.0,236.49,0.0012606007937325794,0.0005330567751729899,2.364852800919833
926,926,UniLend,UFT,31052564,5351164,0.172326,1.0,31052564.0,580.3,0.0030211260112124054,0.0005206185470115583,5.802954864617063
928,928,Opulous,OPUL,43914363,5311040,0.1209408,1.0,43914363.0,826.85,0.004272459572907527,0.0005167148545475837,8.268508228819389
932,932,Cirus Foundation,CIRUS,33854213,5204671,0.1537378,1.0,33854213.0,650.46,0.0032937004327058196,0.0005063661389733512,6.504581176522625
934,934,Vidya,VIDYA,40053249,5170210,0.1290834,1.0,40053249.0,774.69,0.003896809048923215,0.0005030134038023557,7.746929504490896
936,936,Zano,ZANO,11313938,5143863,0.4546483,1.0,11313938.0,219.95,0.0011007410654091062,0.0005004500854555224,2.1995023406004157
938,938,TOKPIE,TKP,28714064,5101830,0.177677,1.0,28714064.0,562.82,0.0027936116849487124,0.0004963606650253997,5.628190480478621
951,951,dHedge DAO,DHT,31539533,4773116,0.1513376,1.0,31539533.0,660.77,0.0030685035711637866,0.00046437984644791686,6.607743217812362
957,957,Ethereum Push Notification Service,PUSH,15287926,4649538,0.3041314,1.0,15287926.0,328.81,0.001487373181038784,0.0004523568550384601,3.288052466795602
960,960,Vesper,VSP,8781991,4611064,0.5250591,1.0,8781991.0,190.45,0.0008544061430912193,0.00044861369224664086,1.9045475071282452
963,963,InsurAce,INSUR,44891926,4561167,0.1016033,1.0,44891926.0,984.22,0.004367567371635479,0.00044375917766995514,9.842200007283228
965,965,Stratos,STOS,20152153,4524857,0.2245347,1.0,20152153.0,445.37,0.001960617281401694,0.00044022655197543535,4.4536546021617145
978,978,Modefi,MOD,15295321,4321482,0.2825362,1.0,15295321.0,353.94,0.0014880926458421706,0.0004204400537484186,3.539369468407942
982,982,DeFi Yield Protocol,DYP,23631124,4268401,0.1806262,1.0,23631124.0,553.63,0.0022990888414427145,0.00041527576554982844,5.536295399006346
983,983,BHPCoin,BHP,20177578,4257636,0.2110083,1.0,20177578.0,473.92,0.001963090897713541,0.00041422843105240334,4.739150071347904
987,987,bitCNY,BITCNY,28245600,4161139,0.1473199,1.0,28245600.0,678.79,0.0027480344895932304,0.00040484016937121124,6.78794921799431
989,989,Venus LINK,vLINK,30907312,4123473,0.1334142,1.0,30907312.0,749.55,0.0030069943409458014,0.00040117561747339287,7.495454007144666
990,990,Crypton,CRP,6811802,4105390,0.6026878,1.0,6811802.0,165.92,0.0006627250556646042,0.00039941630955728154,1.6592338520872665
1009,1009,Carbon Credit,CCT,16988760,3899526,0.2295356,1.0,16988760.0,435.66,0.0016528485291663793,0.0003793876547520864,4.356622676395295
1015,1015,Aidos Kuneen,ADK,25000000,3818868,0.1527547,1.0,25000000.0,654.64,0.0024322677599282988,0.0003715403806328745,6.5464434154890165
1021,1021,Geeq,GEEQ,26563891,3743983,0.1409426,1.0,26563891.0,709.51,0.00258441982630198,0.00036425476578478525,7.095086936100228
1024,1024,Belt Finance,BELT,9550122,3664024,0.3836625,1.0,9550122.0,260.65,0.0009291381537592786,0.000356475497872141,2.6064574984524156
1025,1025,Govi,GOVI,15470560,3656149,0.2363295,1.0,15470560.0,423.14,0.0015051417726414536,0.0003557093335277636,4.231380339737528
1027,1027,SAFE DEAL,SFD,3998636,3633265,0.9086261,1.0,3998636.0,110.06,0.0003890301370595461,0.0003534829329110356,1.100562706706312
1030,1030,NFTrade,NFTD,32515910,3605424,0.1108818,1.0,32515910.0,901.86,0.003163495983109207,0.00035077426224286906,9.018612612710111
1036,1036,SafeCoin,SAFE,27735063,3505123,0.1263788,1.0,27735063.0,791.27,0.0026983639821792096,0.00034101590669932636,7.912719538403592
1040,1040,Bitcoin Private,BTCP,4785761,3457953,0.7225503,1.0,4785761.0,138.4,0.00046561008748088856,0.00033642670388989366,1.3839866926911524
1042,1042,UniMex Network,UMX,9593130,3431639,0.3577184,1.0,9593130.0,279.55,0.0009333224326320385,0.00033386659613650354,2.7954950038913293
1043,1043,Atomic Wallet Coin,AWC,10603659,3408905,0.3214838,1.0,10603659.0,311.06,0.0010316375169189419,0.0003316547891263351,3.1105766449195884
1045,1045,Digital Fitness,DEFIT,27991049,3386501,0.1209851,1.0,27991049.0,826.55,0.0027232690419709297,0.00032947508805059776,8.26548062530014
1047,1047,Factom,FCT,10409628,3348258,0.3216501,1.0,10409628.0,310.9,0.001012760103089876,0.0003257543994128802,3.108968410082882
1050,1050,Stakeborg DAO,STANDARD,4193541,3303293,0.7877097,1.0,4193541.0,126.95,0.00040799258296949915,0.00032137972261987323,1.2695032192697386
1052,1052,KALM,KALM,5674845,3280929,0.5781531,1.0,5674845.0,172.96,0.0005521097014436122,0.00031920391317255174,1.7296456596012373
1059,1059,Prosper,PROS,4474804,3209074,0.7171429,1.0,4474804.0,139.44,0.00043535686004792765,0.0003122130891769658,1.3944222274249665
1063,1063,Bifrost,BNC,16775000,3178757,0.1894937,1.0,16775000.0,527.72,0.0016320516669118886,0.000309263526709856,5.277220298089066
1077,1077,SIBCoin,SIB,19790761,3096828,0.1564785,1.0,19790761.0,639.07,0.0019254571969898537,0.0003012925960977294,6.390654307141237
1086,1086,Flamengo Fan Token,MENGO,3199972,2997910,0.9368551,1.0,3199972.0,106.74,0.0003113275491309311,0.0002916687936066658,1.0674009246467249
1088,1088,Offshift,XFT,5963000,2991972,0.5017562,1.0,5963000.0,199.3,0.0005801445060980978,0.0002910910813683277,1.9929997875462226
1089,1089,K21,K21,15584677,2990240,0.1918705,1.0,15584677.0,521.18,0.0015162442966398433,0.00029092257385791983,5.211848616645081
1090,1090,Covesting,COV,16886825,2973315,0.1760731,1.0,16886825.0,567.95,0.0016429312006020478,0.0002892759285844484,5.679459270041818
1095,1095,Sarcophagus,SARCO,15652227,2911028,0.1859817,1.0,15652227.0,537.69,0.0015228162841271695,0.0002832159821059422,5.376873100955632
1108,1108,Swerve,SWRV,17397800,2819124,0.1620391,1.0,17397800.0,617.13,0.0016926443213472224,0.00027427457665760423,6.17135000132684
1117,1117,Oxbull.tech,OXB,7501504,2746405,0.3661139,1.0,7501504.0,273.14,0.000729826653206927,0.0002671996934882352,2.7313904224887393
1119,1119,Ghost,GHOST,20345137,2739506,0.1346516,1.0,20345137.0,742.66,0.001979392831856974,0.00026652848487720537,7.42657346812069
1121,1121,GTONCapital,GTON,3630100,2725571,0.7508253,1.0,3630100.0,133.19,0.0003531750078126287,0.00026517273882782134,1.3318677460655628
1123,1123,BitNautic Token,BTNT,19078647,2701908,0.1416195,1.0,19078647.0,706.12,0.0018561751200461103,0.000262870548747694,7.061174485152115
1131,1131,Aeon,AEON,15831459,2631130,0.1661963,1.0,15831459.0,601.7,0.0015402538927330681,0.00025598450684720576,6.016981124128516
1137,1137,Onooks,OOKS,11221615,2566795,0.2287367,1.0,11221615.0,437.18,0.0010917588951531118,0.0002497253089938063,4.371838887244592
1141,1141,Venus DOT,vDOT,16649243,2524413,0.1516233,1.0,16649243.0,659.53,0.0016198166790444763,0.00024560193410575506,6.595292412182033
1154,1154,Wicrypt,WNT,23233221,2421213,0.1042134,1.0,23233221.0,959.57,0.0022603765759035646,0.00023556153279277105,9.595694987400853
1155,1155,StakeCubeCoin,SCC,10290302,2416264,0.2348098,1.0,10290302.0,425.88,0.0010011507917810278,0.00023508004106701565,4.258766031060032
1174,1174,PLATINCOIN,PLC,5001073,2320493,0.463999,1.0,5001073.0,215.52,0.0004865579449179159,0.00022576241244157193,2.155177058571247
1180,1180,Rotharium,RTH,3645272,2263683,0.6209915,1.0,3645272.0,161.03,0.000354651102470774,0.00022023532718391085,1.6103279996586104
1181,1181,IQeon,IQN,5491860,2257702,0.4110997,1.0,5491860.0,243.25,0.000534306960801593,0.00021965343144502559,2.432499950741876
1185,1185,Swop,SWOP,2467127,2230644,0.9041464,1.0,2467127.0,110.6,0.00024002853846994497,0.00021702093940310002,1.1060155744689135
1191,1191,YAM V3,YAM,14107850,2177028,0.1543132,1.0,14107850.0,648.03,0.001372562748676178,0.0002118046006744474,6.480327023222899
1201,1201,Folgory Coin,FLG,17525493,2094148,0.1194915,1.0,17525493.0,836.88,0.0017050676640299632,0.00020374114659673308,8.36879610683605
1205,1205,EOSDT,EOSDT,2642505,2046072,0.7742926,1.0,2642505.0,129.15,0.0002570911886779732,0.0001990637984036806,1.291501429821233
1212,1212,Mobility Coin,MOBIC,12469872,1966555,0.1577045,1.0,12469872.0,634.1,0.0012132027054413046,0.00019132753298503182,6.3409731491492
1215,1215,Landshare,LAND,2811130,1953632,0.6949632,1.0,2811130.0,143.89,0.00027349683471868954,0.0001900702451345697,1.4389251114303607
1218,1218,0xBitcoin,0xBTC,9706750,1920522,0.1978543,1.0,9706750.0,505.42,0.0009443766031473606,0.00018684894971332066,5.054224244810449
1221,1221,My DeFi Pet,DPET,16166786,1897881,0.1173938,1.0,16166786.0,851.83,0.0015728780947784073,0.00018464619073921919,8.518337424974742
1235,1235,Blocknet,BLOCK,8986655,1818321,0.2023357,1.0,8986655.0,494.23,0.0008743180490439378,0.00017690574182002337,4.9422815647461125
1240,1240,Seascape Crowns,CWS,3272588,1791283,0.5473598,1.0,3272588.0,182.7,0.00031839241135712926,0.00017427519559230572,1.826951851414737
1245,1245,Nord Finance,NORD,6482082,1781756,0.274874,1.0,6482082.0,363.8,0.0006306463626324619,0.00017334830699435223,3.6380305157999664
1247,1247,IOI Token,IOI,9014158,1768829,0.1962279,1.0,9014158.0,509.61,0.0008769938354519902,0.00017209062998104852,5.0961152822814695
1258,1258,S.C. Corinthians Fan Token,SCCP,2389010,1701195,0.712092,1.0,2389010.0,140.43,0.0002324284800458522,0.0001655104700740489,1.4043129258578948
1275,1275,Isiklar Coin,ISIKC,5295305,1587151,0.299728,1.0,5295305.0,333.64,0.0005151839852194848,0.0001544150482975184,3.3363582981903592
1282,1282,TransferCoin,TX,8296433,1553288,0.1872236,1.0,8296433.0,534.12,0.0008071658603322086,0.0001511204929713403,5.34120698458955
1284,1284,Polytrade,TRADE,12017404,1542421,0.1283489,1.0,12017404.0,779.13,0.001169181772289335,0.00015006323482145466,7.791262722158118
1289,1289,Clash of Lilliput,COL,1904060,1527671,0.8023229,1.0,1904060.0,124.64,0.00018524735003876307,0.00014862819684309696,1.2463809770355552
1298,1298,Kattana,KTN,2931905,1499244,0.5113549,1.0,2931905.0,195.56,0.0002852471202669032,0.0001458625138186377,1.9555889657065966
1299,1299,Cryptocean,CRON,8199052,1497642,0.1826604,1.0,8199052.0,547.46,0.0007976915936630255,0.00014570665410058148,5.474640370874037
1300,1300,Integritee Network,TEER,2190000,1493315,0.681879,1.0,2190000.0,146.65,0.00021306665576971897,0.0001452856771966931,1.4665358516686977
1310,1310,Idle,IDLE,6266280,1457963,0.232668,1.0,6266280.0,429.8,0.00060965083274734,0.00014184625600273368,4.297969639142469
1313,1313,TopBidder,BID,6465474,1449845,0.2242442,1.0,6465474.0,445.94,0.0006290305585141863,0.00014105645001572976,4.459424145641225
1325,1325,Kuai Token,KT,11536708,1378394,0.119479,1.0,11536708.0,836.97,0.0011224145169642754,0.0001341049314671443,8.369671657780865
1331,1331,CloakCoin,CLOAK,5878247,1357232,0.2308906,1.0,5878247.0,433.11,0.0005718988265198097,0.0001320460654537202,4.331055486884265
1335,1335,SmartCredit Token,SMARTCREDIT,1350243,1343115,0.994721,1.0,1350243.0,100.53,0.00013136610067875464,0.00013067261249504389,1.0053070157360708
1343,1343,Iconic Token,ICNQ,9809346,1319461,0.1345106,1.0,9809346.0,743.44,0.0009543582408712648,0.00012837129803131012,7.4343583330979115
1359,1359,Strips Finance,STRP,4125963,1261747,0.3058067,1.0,4125963.0,327.0,0.00040141787134228174,0.00012275626197145005,3.2700395380480547
1382,1382,GHOSTPRISM,GHOST,5397347,1194814,0.2213706,1.0,5397347.0,451.73,0.000525111723889829,0.00011624430285243883,4.517311693603396
1385,1385,XY Finance,XY,4544803,1186971,0.2611711,1.0,4544803.0,382.89,0.00044216711248501646,0.0001154812518107941,3.8289075628965072
1390,1390,MAX Exchange Token,MAX,3971283,1147698,0.2889993,1.0,3971283.0,346.02,0.00038636894425805336,0.00011166035374136755,3.4602159936027523
1392,1392,Lightning Bitcoin,LBTC,3860808,1137949,0.2947437,1.0,3860808.0,339.28,0.00037562075302693027,0.0001107118666057059,3.3927782001786637
1394,1394,Hedget,HGET,1751448,1131159,0.6458422,1.0,1751448.0,154.84,0.00017039962014363597,0.00011005126268210938,1.5483658392096398
1410,1410,Oduwacoin,OWC,4188884,1091603,0.2605952,1.0,4188884.0,383.74,0.0004075395001311797,0.00010620283134164042,3.8373692224568985
1415,1415,Project TXA,TXA,2568630,1081041,0.4208629,1.0,2568630.0,237.61,0.00024990383744738503,0.00010517524685842592,2.376070687152515
1432,1432,FOTA - Fight Of The Ages,FOTA,6550298,1024968,0.1564765,1.0,6550298.0,639.07,0.0006372831457329127,9.971986485432754e-05,6.390735989110186
1438,1438,Fear,FEAR,6532157,1009808,0.1545903,1.0,6532157.0,646.87,0.0006355181949555983,9.824493768470702e-05,6.468711167518272
